{
  "timestamp": "2026-02-12T15:00:04.843701",
  "summary": {
    "timestamp": "15:00",
    "total_positions": 4,
    "total_value": 382785.0,
    "total_pnl": 7629.613000000012,
    "total_pnl_pct": 2.0337207632846845,
    "holdings": [
      {
        "code": "HK.00992",
        "qty": 26000.0,
        "current_price": 8.97,
        "market_val": 233220.00000000003,
        "pnl": -519.9999999999709,
        "pnl_pct": -0.22246941045604984,
        "sell_net": 232971.78000000003,
        "cost_pct": 0.10643169539490609
      },
      {
        "code": "HK.09618",
        "qty": 250.0,
        "current_price": 108.3,
        "market_val": 27075.0,
        "pnl": 9319.612999999998,
        "pnl_pct": 52.48893195062432,
        "sell_net": 27032.925,
        "cost_pct": 0.1554016620498615
      },
      {
        "code": "HK.02800",
        "qty": 4500.0,
        "current_price": 27.22,
        "market_val": 122490.0,
        "pnl": -1170.0,
        "pnl_pct": -0.9461426491994178,
        "sell_net": 122352.51,
        "cost_pct": 0.11224589762429586
      },
      {
        "code": "HK.00700",
        "qty": 0.0,
        "current_price": 0,
        "market_val": 0.0,
        "pnl": 0.0,
        "pnl_pct": 0,
        "sell_net": -15.0,
        "cost_pct": 0
      }
    ],
    "alerts": [
      "\ud83d\udcb0 HK.09618: \u76c8\u522952.5%"
    ]
  },
  "whatsapp_sent": true,
  "message_preview": "\ud83d\udcca \u4ea4\u6613\u76e3\u63a7 (15:00)\n\u2550\u2550\u2550\u2550\u2550\u2550\u2550\u2550\u2550\u2550\u2550\u2550\u2550\u2550\u2550\u2550\u2550\u2550\u2550\u2550\u2550\u2550\u2550\u2550\u2550\u2550\u2550\u2550\u2550\u2550\n\ud83d\udce6 \u6301\u5009: 4\u500b\n\ud83d\udcb0 \u7e3d\u5e02\u503c: HKD 382,785\n\ud83d\udcc8 \u7e3d\u76c8\u8667: HKD +7,630 (+2.0%)\n..."
}