{
  "timestamp": "2026-02-26T12:30:06.833716",
  "summary": {
    "timestamp": "12:30",
    "total_positions": 4,
    "total_value": 281850.0,
    "total_pnl": -2990.0,
    "total_pnl_pct": -1.0497121190843983,
    "holdings": [
      {
        "code": "HK.09618",
        "qty": 500.0,
        "current_price": 105.0,
        "market_val": 52500.0,
        "pnl": -1000.0,
        "pnl_pct": -1.8691588785046727,
        "sell_net": 52432.5,
        "cost_pct": 0.12857142857142856
      },
      {
        "code": "HK.01211",
        "qty": 600.0,
        "current_price": 96.75,
        "market_val": 58050.0,
        "pnl": -669.9999999999927,
        "pnl_pct": -1.1410081743869087,
        "sell_net": 57976.95,
        "cost_pct": 0.12583979328165376
      },
      {
        "code": "HK.07500",
        "qty": 30000.0,
        "current_price": 1.678,
        "market_val": 50340.0,
        "pnl": 1380.0,
        "pnl_pct": 2.8186274509803924,
        "sell_net": 50274.66,
        "cost_pct": 0.1297973778307509
      },
      {
        "code": "HK.02800",
        "qty": 4500.0,
        "current_price": 26.88,
        "market_val": 120960.0,
        "pnl": -2700.0,
        "pnl_pct": -2.1834061135371177,
        "sell_net": 120824.04,
        "cost_pct": 0.11240079365079365
      }
    ],
    "alerts": []
  },
  "whatsapp_sent": true,
  "message_preview": "\ud83d\udcca \u4ea4\u6613\u76e3\u63a7 (12:30)\n\u2550\u2550\u2550\u2550\u2550\u2550\u2550\u2550\u2550\u2550\u2550\u2550\u2550\u2550\u2550\u2550\u2550\u2550\u2550\u2550\u2550\u2550\u2550\u2550\u2550\u2550\u2550\u2550\u2550\u2550\n\ud83d\udce6 \u6301\u5009: 4\u500b\n\ud83d\udcb0 \u7e3d\u5e02\u503c: HKD 281,850\n\ud83d\udcc8 \u7e3d\u76c8\u8667: HKD -2,990 (-1.0%)\n..."
}