{
  "timestamp": "2026-03-02T09:30:06.875971",
  "summary": {
    "timestamp": "09:30",
    "total_positions": 4,
    "total_value": 278400.0,
    "total_pnl": -6440.0,
    "total_pnl_pct": -2.260918410335627,
    "holdings": [
      {
        "code": "HK.09618",
        "qty": 500.0,
        "current_price": 102.9,
        "market_val": 51450.0,
        "pnl": -2050.0,
        "pnl_pct": -3.8317757009345796,
        "sell_net": 51383.55,
        "cost_pct": 0.1291545189504373
      },
      {
        "code": "HK.01211",
        "qty": 600.0,
        "current_price": 93.0,
        "market_val": 55800.0,
        "pnl": -2919.9999999999927,
        "pnl_pct": -4.972752043596718,
        "sell_net": 55729.2,
        "cost_pct": 0.12688172043010754
      },
      {
        "code": "HK.07500",
        "qty": 30000.0,
        "current_price": 1.724,
        "market_val": 51720.0,
        "pnl": 2760.0,
        "pnl_pct": 5.637254901960785,
        "sell_net": 51653.28,
        "cost_pct": 0.12900232018561486
      },
      {
        "code": "HK.02800",
        "qty": 4500.0,
        "current_price": 26.54,
        "market_val": 119430.0,
        "pnl": -4230.0,
        "pnl_pct": -3.420669577874818,
        "sell_net": 119295.57,
        "cost_pct": 0.11255965837729215
      }
    ],
    "alerts": []
  },
  "whatsapp_sent": true,
  "message_preview": "\ud83d\udcca \u4ea4\u6613\u76e3\u63a7 (09:30)\n\u2550\u2550\u2550\u2550\u2550\u2550\u2550\u2550\u2550\u2550\u2550\u2550\u2550\u2550\u2550\u2550\u2550\u2550\u2550\u2550\u2550\u2550\u2550\u2550\u2550\u2550\u2550\u2550\u2550\u2550\n\ud83d\udce6 \u6301\u5009: 4\u500b\n\ud83d\udcb0 \u7e3d\u5e02\u503c: HKD 278,400\n\ud83d\udcc8 \u7e3d\u76c8\u8667: HKD -6,440 (-2.3%)\n..."
}