{
  "timestamp": "2026-02-10T14:30:04.391330",
  "summary": {
    "timestamp": "14:30",
    "total_positions": 2,
    "total_value": 115290.0,
    "total_pnl": 22264.613000000012,
    "total_pnl_pct": 23.933910643123703,
    "holdings": [
      {
        "code": "HK.02800",
        "qty": 2000.0,
        "current_price": 27.34,
        "market_val": 54680.0,
        "pnl": 11960.0,
        "pnl_pct": 27.99625468164794,
        "sell_net": 54610.32,
        "cost_pct": 0.12743233357717632
      },
      {
        "code": "HK.09618",
        "qty": 550.0,
        "current_price": 110.2,
        "market_val": 60610.0,
        "pnl": 10304.613000000005,
        "pnl_pct": 20.48411435538704,
        "sell_net": 60534.39,
        "cost_pct": 0.12474839135456195
      }
    ],
    "alerts": [
      "\ud83d\udcb0 HK.02800: \u76c8\u522928.0%",
      "\ud83d\udcb0 HK.09618: \u76c8\u522920.5%"
    ]
  },
  "whatsapp_sent": true,
  "message_preview": "\ud83d\udcca \u4ea4\u6613\u76e3\u63a7 (14:30)\n\u2550\u2550\u2550\u2550\u2550\u2550\u2550\u2550\u2550\u2550\u2550\u2550\u2550\u2550\u2550\u2550\u2550\u2550\u2550\u2550\u2550\u2550\u2550\u2550\u2550\u2550\u2550\u2550\u2550\u2550\n\ud83d\udce6 \u6301\u5009: 2\u500b\n\ud83d\udcb0 \u7e3d\u5e02\u503c: HKD 115,290\n\ud83d\udcc8 \u7e3d\u76c8\u8667: HKD +22,265 (+23.9%..."
}