{
  "timestamp": "2026-03-03T13:00:08.901615",
  "summary": {
    "timestamp": "13:00",
    "total_positions": 2,
    "total_value": 168800.0,
    "total_pnl": -8360.0,
    "total_pnl_pct": -4.718898171144728,
    "holdings": [
      {
        "code": "HK.09618",
        "qty": 500.0,
        "current_price": 101.8,
        "market_val": 50900.0,
        "pnl": -2600.0,
        "pnl_pct": -4.859813084112149,
        "sell_net": 50834.1,
        "cost_pct": 0.1294695481335953
      },
      {
        "code": "HK.02800",
        "qty": 4500.0,
        "current_price": 26.2,
        "market_val": 117900.0,
        "pnl": -5760.0,
        "pnl_pct": -4.657933042212519,
        "sell_net": 117767.1,
        "cost_pct": 0.11272264631043258
      }
    ],
    "alerts": []
  },
  "whatsapp_sent": true,
  "message_preview": "\ud83d\udcca \u4ea4\u6613\u76e3\u63a7 (13:00)\n\u2550\u2550\u2550\u2550\u2550\u2550\u2550\u2550\u2550\u2550\u2550\u2550\u2550\u2550\u2550\u2550\u2550\u2550\u2550\u2550\u2550\u2550\u2550\u2550\u2550\u2550\u2550\u2550\u2550\u2550\n\ud83d\udce6 \u6301\u5009: 2\u500b\n\ud83d\udcb0 \u7e3d\u5e02\u503c: HKD 168,800\n\ud83d\udcc8 \u7e3d\u76c8\u8667: HKD -8,360 (-4.7%)\n..."
}