{
  "timestamp": "2026-02-12T13:00:03.652016",
  "summary": {
    "timestamp": "13:00",
    "total_positions": 3,
    "total_value": 363055.0,
    "total_pnl": 2739.613000000012,
    "total_pnl_pct": 0.7603374984371711,
    "holdings": [
      {
        "code": "HK.09618",
        "qty": 250.0,
        "current_price": 108.3,
        "market_val": 27075.0,
        "pnl": 9319.612999999998,
        "pnl_pct": 52.48893195062432,
        "sell_net": 27032.925,
        "cost_pct": 0.1554016620498615
      },
      {
        "code": "HK.00700",
        "qty": 400.0,
        "current_price": 533.5,
        "market_val": 213400.0,
        "pnl": -5500.0,
        "pnl_pct": -2.512562814070352,
        "sell_net": 213171.6,
        "cost_pct": 0.107029053420806
      },
      {
        "code": "HK.02800",
        "qty": 4500.0,
        "current_price": 27.24,
        "market_val": 122580.0,
        "pnl": -1080.0,
        "pnl_pct": -0.8733624454148471,
        "sell_net": 122442.42,
        "cost_pct": 0.11223690651003425
      }
    ],
    "alerts": [
      "\ud83d\udcb0 HK.09618: \u76c8\u522952.5%"
    ]
  },
  "whatsapp_sent": true,
  "message_preview": "\ud83d\udcca \u4ea4\u6613\u76e3\u63a7 (13:00)\n\u2550\u2550\u2550\u2550\u2550\u2550\u2550\u2550\u2550\u2550\u2550\u2550\u2550\u2550\u2550\u2550\u2550\u2550\u2550\u2550\u2550\u2550\u2550\u2550\u2550\u2550\u2550\u2550\u2550\u2550\n\ud83d\udce6 \u6301\u5009: 3\u500b\n\ud83d\udcb0 \u7e3d\u5e02\u503c: HKD 363,055\n\ud83d\udcc8 \u7e3d\u76c8\u8667: HKD +2,740 (+0.8%)\n..."
}