{
  "timestamp": "2026-02-13T12:00:50.744092",
  "summary": {
    "timestamp": "12:00",
    "total_positions": 4,
    "total_value": 491285.0,
    "total_pnl": 9429.613000000012,
    "total_pnl_pct": 1.9569383791075086,
    "holdings": [
      {
        "code": "HK.00700",
        "qty": 200.0,
        "current_price": 526.5,
        "market_val": 105300.0,
        "pnl": -1400.0,
        "pnl_pct": -1.3120899718837862,
        "sell_net": 105179.7,
        "cost_pct": 0.11424501424501424
      },
      {
        "code": "HK.00992",
        "qty": 26000.0,
        "current_price": 9.2,
        "market_val": 239199.99999999997,
        "pnl": 5459.999999999971,
        "pnl_pct": 2.3359288097886415,
        "sell_net": 238945.79999999996,
        "cost_pct": 0.10627090301003346
      },
      {
        "code": "HK.09618",
        "qty": 250.0,
        "current_price": 105.1,
        "market_val": 26275.0,
        "pnl": 8519.612999999998,
        "pnl_pct": 47.98325713767881,
        "sell_net": 26233.725,
        "cost_pct": 0.1570884871550904
      },
      {
        "code": "HK.02800",
        "qty": 4500.0,
        "current_price": 26.78,
        "market_val": 120510.0,
        "pnl": -3150.0,
        "pnl_pct": -2.547307132459971,
        "sell_net": 120374.49,
        "cost_pct": 0.1124470998257406
      }
    ],
    "alerts": [
      "\ud83d\udcb0 HK.09618: \u76c8\u522948.0%"
    ]
  },
  "whatsapp_sent": true,
  "message_preview": "\ud83d\udcca \u4ea4\u6613\u76e3\u63a7 (12:00)\n\u2550\u2550\u2550\u2550\u2550\u2550\u2550\u2550\u2550\u2550\u2550\u2550\u2550\u2550\u2550\u2550\u2550\u2550\u2550\u2550\u2550\u2550\u2550\u2550\u2550\u2550\u2550\u2550\u2550\u2550\n\ud83d\udce6 \u6301\u5009: 4\u500b\n\ud83d\udcb0 \u7e3d\u5e02\u503c: HKD 491,285\n\ud83d\udcc8 \u7e3d\u76c8\u8667: HKD +9,430 (+2.0%)\n..."
}