{
  "timestamp": "2026-02-26T13:00:07.948670",
  "summary": {
    "timestamp": "13:00",
    "total_positions": 4,
    "total_value": 281580.0,
    "total_pnl": -3260.0,
    "total_pnl_pct": -1.1445021766605814,
    "holdings": [
      {
        "code": "HK.09618",
        "qty": 500.0,
        "current_price": 104.7,
        "market_val": 52350.0,
        "pnl": -1150.0,
        "pnl_pct": -2.149532710280374,
        "sell_net": 52282.65,
        "cost_pct": 0.1286532951289398
      },
      {
        "code": "HK.01211",
        "qty": 600.0,
        "current_price": 96.65,
        "market_val": 57990.0,
        "pnl": -729.9999999999927,
        "pnl_pct": -1.2431880108991704,
        "sell_net": 57917.01,
        "cost_pct": 0.1258665287118469
      },
      {
        "code": "HK.07500",
        "qty": 30000.0,
        "current_price": 1.676,
        "market_val": 50280.0,
        "pnl": 1320.0,
        "pnl_pct": 2.696078431372549,
        "sell_net": 50214.72,
        "cost_pct": 0.12983293556085918
      },
      {
        "code": "HK.02800",
        "qty": 4500.0,
        "current_price": 26.88,
        "market_val": 120960.0,
        "pnl": -2700.0,
        "pnl_pct": -2.1834061135371177,
        "sell_net": 120824.04,
        "cost_pct": 0.11240079365079365
      }
    ],
    "alerts": []
  },
  "whatsapp_sent": true,
  "message_preview": "\ud83d\udcca \u4ea4\u6613\u76e3\u63a7 (13:00)\n\u2550\u2550\u2550\u2550\u2550\u2550\u2550\u2550\u2550\u2550\u2550\u2550\u2550\u2550\u2550\u2550\u2550\u2550\u2550\u2550\u2550\u2550\u2550\u2550\u2550\u2550\u2550\u2550\u2550\u2550\n\ud83d\udce6 \u6301\u5009: 4\u500b\n\ud83d\udcb0 \u7e3d\u5e02\u503c: HKD 281,580\n\ud83d\udcc8 \u7e3d\u76c8\u8667: HKD -3,260 (-1.1%)\n..."
}