{
  "timestamp": "2026-02-16T11:00:10.857408",
  "summary": {
    "timestamp": "11:00",
    "total_positions": 4,
    "total_value": 490250.0,
    "total_pnl": 8394.613000000012,
    "total_pnl_pct": 1.742143644437457,
    "holdings": [
      {
        "code": "HK.00700",
        "qty": 200.0,
        "current_price": 530.0,
        "market_val": 106000.0,
        "pnl": -700.0,
        "pnl_pct": -0.6560449859418931,
        "sell_net": 105879.0,
        "cost_pct": 0.1141509433962264
      },
      {
        "code": "HK.00992",
        "qty": 26000.0,
        "current_price": 9.14,
        "market_val": 237640.00000000003,
        "pnl": 3900.000000000029,
        "pnl_pct": 1.6685205784204797,
        "sell_net": 237387.36000000002,
        "cost_pct": 0.10631206867530721
      },
      {
        "code": "HK.09618",
        "qty": 250.0,
        "current_price": 104.4,
        "market_val": 26100.0,
        "pnl": 8344.612999999998,
        "pnl_pct": 46.99764077234699,
        "sell_net": 26058.9,
        "cost_pct": 0.15747126436781608
      },
      {
        "code": "HK.02800",
        "qty": 4500.0,
        "current_price": 26.78,
        "market_val": 120510.0,
        "pnl": -3150.0,
        "pnl_pct": -2.547307132459971,
        "sell_net": 120374.49,
        "cost_pct": 0.1124470998257406
      }
    ],
    "alerts": [
      "\ud83d\udcb0 HK.09618: \u76c8\u522947.0%"
    ]
  },
  "whatsapp_sent": true,
  "message_preview": "\ud83d\udcca \u4ea4\u6613\u76e3\u63a7 (11:00)\n\u2550\u2550\u2550\u2550\u2550\u2550\u2550\u2550\u2550\u2550\u2550\u2550\u2550\u2550\u2550\u2550\u2550\u2550\u2550\u2550\u2550\u2550\u2550\u2550\u2550\u2550\u2550\u2550\u2550\u2550\n\ud83d\udce6 \u6301\u5009: 4\u500b\n\ud83d\udcb0 \u7e3d\u5e02\u503c: HKD 490,250\n\ud83d\udcc8 \u7e3d\u76c8\u8667: HKD +8,395 (+1.7%)\n..."
}