{
  "timestamp": "2026-02-25T15:00:07.951291",
  "summary": {
    "timestamp": "15:00",
    "total_positions": 4,
    "total_value": 283900.0,
    "total_pnl": -940.0,
    "total_pnl_pct": -0.3300098300800449,
    "holdings": [
      {
        "code": "HK.09618",
        "qty": 500.0,
        "current_price": 106.7,
        "market_val": 53350.0,
        "pnl": -150.0,
        "pnl_pct": -0.2803738317757009,
        "sell_net": 53281.65,
        "cost_pct": 0.12811621368322398
      },
      {
        "code": "HK.01211",
        "qty": 600.0,
        "current_price": 98.9,
        "market_val": 59340.0,
        "pnl": 620.0000000000073,
        "pnl_pct": 1.0558583106267154,
        "sell_net": 59265.66,
        "cost_pct": 0.12527805864509606
      },
      {
        "code": "HK.07500",
        "qty": 30000.0,
        "current_price": 1.666,
        "market_val": 49980.0,
        "pnl": 1020.0,
        "pnl_pct": 2.083333333333333,
        "sell_net": 49915.02,
        "cost_pct": 0.1300120048019208
      },
      {
        "code": "HK.02800",
        "qty": 4500.0,
        "current_price": 26.94,
        "market_val": 121230.0,
        "pnl": -2430.0,
        "pnl_pct": -1.9650655021834063,
        "sell_net": 121093.77,
        "cost_pct": 0.11237317495669391
      }
    ],
    "alerts": []
  },
  "whatsapp_sent": true,
  "message_preview": "\ud83d\udcca \u4ea4\u6613\u76e3\u63a7 (15:00)\n\u2550\u2550\u2550\u2550\u2550\u2550\u2550\u2550\u2550\u2550\u2550\u2550\u2550\u2550\u2550\u2550\u2550\u2550\u2550\u2550\u2550\u2550\u2550\u2550\u2550\u2550\u2550\u2550\u2550\u2550\n\ud83d\udce6 \u6301\u5009: 4\u500b\n\ud83d\udcb0 \u7e3d\u5e02\u503c: HKD 283,900\n\ud83d\udcc8 \u7e3d\u76c8\u8667: HKD -940 (-0.3%)\n\u2500\u2500..."
}