{
  "timestamp": "2026-03-02T09:00:09.096625",
  "summary": {
    "timestamp": "09:00",
    "total_positions": 4,
    "total_value": 280440.0,
    "total_pnl": -4400.0,
    "total_pnl_pct": -1.5447268642044658,
    "holdings": [
      {
        "code": "HK.09618",
        "qty": 500.0,
        "current_price": 104.4,
        "market_val": 52200.0,
        "pnl": -1300.0,
        "pnl_pct": -2.4299065420560746,
        "sell_net": 52132.8,
        "cost_pct": 0.12873563218390804
      },
      {
        "code": "HK.01211",
        "qty": 600.0,
        "current_price": 94.95,
        "market_val": 56970.0,
        "pnl": -1749.9999999999927,
        "pnl_pct": -2.9802452316076176,
        "sell_net": 56898.03,
        "cost_pct": 0.12632964718272774
      },
      {
        "code": "HK.07500",
        "qty": 30000.0,
        "current_price": 1.674,
        "market_val": 50220.0,
        "pnl": 1260.0,
        "pnl_pct": 2.5735294117647056,
        "sell_net": 50154.78,
        "cost_pct": 0.12986857825567502
      },
      {
        "code": "HK.02800",
        "qty": 4500.0,
        "current_price": 26.9,
        "market_val": 121050.0,
        "pnl": -2610.0,
        "pnl_pct": -2.1106259097525473,
        "sell_net": 120913.95,
        "cost_pct": 0.11239157372986369
      }
    ],
    "alerts": []
  },
  "whatsapp_sent": true,
  "message_preview": "\ud83d\udcca \u4ea4\u6613\u76e3\u63a7 (09:00)\n\u2550\u2550\u2550\u2550\u2550\u2550\u2550\u2550\u2550\u2550\u2550\u2550\u2550\u2550\u2550\u2550\u2550\u2550\u2550\u2550\u2550\u2550\u2550\u2550\u2550\u2550\u2550\u2550\u2550\u2550\n\ud83d\udce6 \u6301\u5009: 4\u500b\n\ud83d\udcb0 \u7e3d\u5e02\u503c: HKD 280,440\n\ud83d\udcc8 \u7e3d\u76c8\u8667: HKD -4,400 (-1.5%)\n..."
}