{
  "timestamp": "2026-02-24T13:30:07.410141",
  "summary": {
    "timestamp": "13:30",
    "total_positions": 4,
    "total_value": 334120.0,
    "total_pnl": -3920.0,
    "total_pnl_pct": -1.1596260797538753,
    "holdings": [
      {
        "code": "HK.01211",
        "qty": 600.0,
        "current_price": 98.45,
        "market_val": 59070.0,
        "pnl": 350.0000000000073,
        "pnl_pct": 0.5960490463215383,
        "sell_net": 58995.93,
        "cost_pct": 0.1253936008125952
      },
      {
        "code": "HK.07500",
        "qty": 30000.0,
        "current_price": 1.688,
        "market_val": 50640.0,
        "pnl": 1680.0,
        "pnl_pct": 3.431372549019608,
        "sell_net": 50574.36,
        "cost_pct": 0.12962085308056873
      },
      {
        "code": "HK.00700",
        "qty": 200.0,
        "current_price": 519.5,
        "market_val": 103900.0,
        "pnl": -2800.0,
        "pnl_pct": -2.6241799437675724,
        "sell_net": 103781.1,
        "cost_pct": 0.11443695861405197
      },
      {
        "code": "HK.02800",
        "qty": 4500.0,
        "current_price": 26.78,
        "market_val": 120510.0,
        "pnl": -3150.0,
        "pnl_pct": -2.547307132459971,
        "sell_net": 120374.49,
        "cost_pct": 0.1124470998257406
      }
    ],
    "alerts": []
  },
  "whatsapp_sent": true,
  "message_preview": "\ud83d\udcca \u4ea4\u6613\u76e3\u63a7 (13:30)\n\u2550\u2550\u2550\u2550\u2550\u2550\u2550\u2550\u2550\u2550\u2550\u2550\u2550\u2550\u2550\u2550\u2550\u2550\u2550\u2550\u2550\u2550\u2550\u2550\u2550\u2550\u2550\u2550\u2550\u2550\n\ud83d\udce6 \u6301\u5009: 4\u500b\n\ud83d\udcb0 \u7e3d\u5e02\u503c: HKD 334,120\n\ud83d\udcc8 \u7e3d\u76c8\u8667: HKD -3,920 (-1.2%)\n..."
}