{
  "timestamp": "2026-03-02T10:00:10.005068",
  "summary": {
    "timestamp": "10:00",
    "total_positions": 4,
    "total_value": 169510.0,
    "total_pnl": -7650.0,
    "total_pnl_pct": -4.3181305034996615,
    "holdings": [
      {
        "code": "HK.09618",
        "qty": 500.0,
        "current_price": 101.6,
        "market_val": 50800.0,
        "pnl": -2700.0,
        "pnl_pct": -5.046728971962617,
        "sell_net": 50734.2,
        "cost_pct": 0.12952755905511815
      },
      {
        "code": "HK.02800",
        "qty": 4500.0,
        "current_price": 26.38,
        "market_val": 118710.0,
        "pnl": -4950.0,
        "pnl_pct": -4.002911208151383,
        "sell_net": 118576.29,
        "cost_pct": 0.11263583522870863
      },
      {
        "code": "HK.07500",
        "qty": 0.0,
        "current_price": 0,
        "market_val": 0.0,
        "pnl": 0.0,
        "pnl_pct": 0,
        "sell_net": -15.0,
        "cost_pct": 0
      },
      {
        "code": "HK.01211",
        "qty": 0.0,
        "current_price": 0,
        "market_val": 0.0,
        "pnl": 0.0,
        "pnl_pct": 0,
        "sell_net": -15.0,
        "cost_pct": 0
      }
    ],
    "alerts": [
      "\u2757 HK.09618: \u8667\u640d-5.0%"
    ]
  },
  "whatsapp_sent": true,
  "message_preview": "\ud83d\udcca \u4ea4\u6613\u76e3\u63a7 (10:00)\n\u2550\u2550\u2550\u2550\u2550\u2550\u2550\u2550\u2550\u2550\u2550\u2550\u2550\u2550\u2550\u2550\u2550\u2550\u2550\u2550\u2550\u2550\u2550\u2550\u2550\u2550\u2550\u2550\u2550\u2550\n\ud83d\udce6 \u6301\u5009: 4\u500b\n\ud83d\udcb0 \u7e3d\u5e02\u503c: HKD 169,510\n\ud83d\udcc8 \u7e3d\u76c8\u8667: HKD -7,650 (-4.3%)\n..."
}