{
  "timestamp": "2026-02-20T11:30:07.859710",
  "summary": {
    "timestamp": "11:30",
    "total_positions": 4,
    "total_value": 488680.0,
    "total_pnl": 6824.613000000012,
    "total_pnl_pct": 1.4163197474017266,
    "holdings": [
      {
        "code": "HK.00700",
        "qty": 200.0,
        "current_price": 520.5,
        "market_val": 104100.0,
        "pnl": -2600.0,
        "pnl_pct": -2.436738519212746,
        "sell_net": 103980.9,
        "cost_pct": 0.11440922190201731
      },
      {
        "code": "HK.00992",
        "qty": 26000.0,
        "current_price": 9.17,
        "market_val": 238420.0,
        "pnl": 4680.0,
        "pnl_pct": 2.0022246941045605,
        "sell_net": 238166.58,
        "cost_pct": 0.10629141850515895
      },
      {
        "code": "HK.09618",
        "qty": 250.0,
        "current_price": 104.4,
        "market_val": 26100.0,
        "pnl": 8344.612999999998,
        "pnl_pct": 46.99764077234699,
        "sell_net": 26058.9,
        "cost_pct": 0.15747126436781608
      },
      {
        "code": "HK.02800",
        "qty": 4500.0,
        "current_price": 26.68,
        "market_val": 120060.0,
        "pnl": -3600.0,
        "pnl_pct": -2.911208151382824,
        "sell_net": 119924.94,
        "cost_pct": 0.11249375312343828
      }
    ],
    "alerts": [
      "\ud83d\udcb0 HK.09618: \u76c8\u522947.0%"
    ]
  },
  "whatsapp_sent": true,
  "message_preview": "\ud83d\udcca \u4ea4\u6613\u76e3\u63a7 (11:30)\n\u2550\u2550\u2550\u2550\u2550\u2550\u2550\u2550\u2550\u2550\u2550\u2550\u2550\u2550\u2550\u2550\u2550\u2550\u2550\u2550\u2550\u2550\u2550\u2550\u2550\u2550\u2550\u2550\u2550\u2550\n\ud83d\udce6 \u6301\u5009: 4\u500b\n\ud83d\udcb0 \u7e3d\u5e02\u503c: HKD 488,680\n\ud83d\udcc8 \u7e3d\u76c8\u8667: HKD +6,825 (+1.4%)\n..."
}