{
  "timestamp": "2026-02-24T09:00:08.221335",
  "summary": {
    "timestamp": "09:00",
    "total_positions": 3,
    "total_value": 279350.0,
    "total_pnl": 30.0,
    "total_pnl_pct": 0.010740369468709723,
    "holdings": [
      {
        "code": "HK.07500",
        "qty": 30000.0,
        "current_price": 1.63,
        "market_val": 48900.0,
        "pnl": -60.0,
        "pnl_pct": -0.12254901960784313,
        "sell_net": 48836.1,
        "cost_pct": 0.13067484662576687
      },
      {
        "code": "HK.00700",
        "qty": 200.0,
        "current_price": 538.0,
        "market_val": 107600.0,
        "pnl": 900.0,
        "pnl_pct": 0.8434864104967198,
        "sell_net": 107477.4,
        "cost_pct": 0.11394052044609666
      },
      {
        "code": "HK.02800",
        "qty": 4500.0,
        "current_price": 27.3,
        "market_val": 122850.0,
        "pnl": -810.0,
        "pnl_pct": -0.6550218340611353,
        "sell_net": 122712.15,
        "cost_pct": 0.11221001221001223
      }
    ],
    "alerts": []
  },
  "whatsapp_sent": true,
  "message_preview": "\ud83d\udcca \u4ea4\u6613\u76e3\u63a7 (09:00)\n\u2550\u2550\u2550\u2550\u2550\u2550\u2550\u2550\u2550\u2550\u2550\u2550\u2550\u2550\u2550\u2550\u2550\u2550\u2550\u2550\u2550\u2550\u2550\u2550\u2550\u2550\u2550\u2550\u2550\u2550\n\ud83d\udce6 \u6301\u5009: 3\u500b\n\ud83d\udcb0 \u7e3d\u5e02\u503c: HKD 279,350\n\ud83d\udcc8 \u7e3d\u76c8\u8667: HKD +30 (+0.0%)\n\u2500\u2500\u2500..."
}