{
  "timestamp": "2026-02-27T12:00:08.488528",
  "summary": {
    "timestamp": "12:00",
    "total_positions": 4,
    "total_value": 280370.0,
    "total_pnl": -4470.0,
    "total_pnl_pct": -1.5693020643168094,
    "holdings": [
      {
        "code": "HK.09618",
        "qty": 500.0,
        "current_price": 104.8,
        "market_val": 52400.0,
        "pnl": -1100.0,
        "pnl_pct": -2.0560747663551404,
        "sell_net": 52332.6,
        "cost_pct": 0.1286259541984733
      },
      {
        "code": "HK.01211",
        "qty": 600.0,
        "current_price": 94.6,
        "market_val": 56760.0,
        "pnl": -1959.9999999999927,
        "pnl_pct": -3.337874659400533,
        "sell_net": 56688.24,
        "cost_pct": 0.1264270613107822
      },
      {
        "code": "HK.07500",
        "qty": 30000.0,
        "current_price": 1.684,
        "market_val": 50520.0,
        "pnl": 1560.0,
        "pnl_pct": 3.1862745098039214,
        "sell_net": 50454.48,
        "cost_pct": 0.1296912114014252
      },
      {
        "code": "HK.02800",
        "qty": 4500.0,
        "current_price": 26.82,
        "market_val": 120690.0,
        "pnl": -2970.0,
        "pnl_pct": -2.4017467248908297,
        "sell_net": 120554.31,
        "cost_pct": 0.11242853591846881
      }
    ],
    "alerts": []
  },
  "whatsapp_sent": true,
  "message_preview": "\ud83d\udcca \u4ea4\u6613\u76e3\u63a7 (12:00)\n\u2550\u2550\u2550\u2550\u2550\u2550\u2550\u2550\u2550\u2550\u2550\u2550\u2550\u2550\u2550\u2550\u2550\u2550\u2550\u2550\u2550\u2550\u2550\u2550\u2550\u2550\u2550\u2550\u2550\u2550\n\ud83d\udce6 \u6301\u5009: 4\u500b\n\ud83d\udcb0 \u7e3d\u5e02\u503c: HKD 280,370\n\ud83d\udcc8 \u7e3d\u76c8\u8667: HKD -4,470 (-1.6%)\n..."
}