{
  "timestamp": "2026-03-02T14:00:08.216331",
  "summary": {
    "timestamp": "14:00",
    "total_positions": 4,
    "total_value": 169730.0,
    "total_pnl": -7430.0,
    "total_pnl_pct": -4.193948972680063,
    "holdings": [
      {
        "code": "HK.09618",
        "qty": 500.0,
        "current_price": 101.5,
        "market_val": 50750.0,
        "pnl": -2750.0,
        "pnl_pct": -5.14018691588785,
        "sell_net": 50684.25,
        "cost_pct": 0.12955665024630542
      },
      {
        "code": "HK.02800",
        "qty": 4500.0,
        "current_price": 26.44,
        "market_val": 118980.0,
        "pnl": -4680.0,
        "pnl_pct": -3.7845705967976713,
        "sell_net": 118846.02,
        "cost_pct": 0.11260716086737269
      },
      {
        "code": "HK.07500",
        "qty": 0.0,
        "current_price": 0,
        "market_val": 0.0,
        "pnl": 0.0,
        "pnl_pct": 0,
        "sell_net": -15.0,
        "cost_pct": 0
      },
      {
        "code": "HK.01211",
        "qty": 0.0,
        "current_price": 0,
        "market_val": 0.0,
        "pnl": 0.0,
        "pnl_pct": 0,
        "sell_net": -15.0,
        "cost_pct": 0
      }
    ],
    "alerts": [
      "\u2757 HK.09618: \u8667\u640d-5.1%"
    ]
  },
  "whatsapp_sent": true,
  "message_preview": "\ud83d\udcca \u4ea4\u6613\u76e3\u63a7 (14:00)\n\u2550\u2550\u2550\u2550\u2550\u2550\u2550\u2550\u2550\u2550\u2550\u2550\u2550\u2550\u2550\u2550\u2550\u2550\u2550\u2550\u2550\u2550\u2550\u2550\u2550\u2550\u2550\u2550\u2550\u2550\n\ud83d\udce6 \u6301\u5009: 4\u500b\n\ud83d\udcb0 \u7e3d\u5e02\u503c: HKD 169,730\n\ud83d\udcc8 \u7e3d\u76c8\u8667: HKD -7,430 (-4.2%)\n..."
}