{
  "timestamp": "2026-02-12T10:30:03.833928",
  "summary": {
    "timestamp": "10:30",
    "total_positions": 3,
    "total_value": 397600.0,
    "total_pnl": 4734.613000000012,
    "total_pnl_pct": 1.2051489280220078,
    "holdings": [
      {
        "code": "HK.00700",
        "qty": 400.0,
        "current_price": 536.5,
        "market_val": 214600.0,
        "pnl": -4300.0,
        "pnl_pct": -1.9643672910004568,
        "sell_net": 214370.4,
        "cost_pct": 0.10698974836905871
      },
      {
        "code": "HK.02800",
        "qty": 4500.0,
        "current_price": 27.32,
        "market_val": 122940.0,
        "pnl": -720.0,
        "pnl_pct": -0.5822416302765648,
        "sell_net": 122802.06,
        "cost_pct": 0.11220107369448512
      },
      {
        "code": "HK.09618",
        "qty": 550.0,
        "current_price": 109.2,
        "market_val": 60060.0,
        "pnl": 9754.613000000005,
        "pnl_pct": 19.39079208355957,
        "sell_net": 59984.94,
        "cost_pct": 0.12497502497502498
      }
    ],
    "alerts": [
      "\ud83d\udcb0 HK.09618: \u76c8\u522919.4%"
    ]
  },
  "whatsapp_sent": true,
  "message_preview": "\ud83d\udcca \u4ea4\u6613\u76e3\u63a7 (10:30)\n\u2550\u2550\u2550\u2550\u2550\u2550\u2550\u2550\u2550\u2550\u2550\u2550\u2550\u2550\u2550\u2550\u2550\u2550\u2550\u2550\u2550\u2550\u2550\u2550\u2550\u2550\u2550\u2550\u2550\u2550\n\ud83d\udce6 \u6301\u5009: 3\u500b\n\ud83d\udcb0 \u7e3d\u5e02\u503c: HKD 397,600\n\ud83d\udcc8 \u7e3d\u76c8\u8667: HKD +4,735 (+1.2%)\n..."
}