{
  "timestamp": "2026-02-12T09:00:04.231365",
  "summary": {
    "timestamp": "09:00",
    "total_positions": 3,
    "total_value": 403250.0,
    "total_pnl": 10384.613000000012,
    "total_pnl_pct": 2.6433005664609523,
    "holdings": [
      {
        "code": "HK.00700",
        "qty": 400.0,
        "current_price": 548.0,
        "market_val": 219200.0,
        "pnl": 300.0,
        "pnl_pct": 0.13704888076747374,
        "sell_net": 218965.8,
        "cost_pct": 0.10684306569343066
      },
      {
        "code": "HK.02800",
        "qty": 4500.0,
        "current_price": 27.48,
        "market_val": 123660.0,
        "pnl": 0.0,
        "pnl_pct": 0.0,
        "sell_net": 123521.34,
        "cost_pct": 0.1121300339640951
      },
      {
        "code": "HK.09618",
        "qty": 550.0,
        "current_price": 109.8,
        "market_val": 60390.0,
        "pnl": 10084.613000000005,
        "pnl_pct": 20.046785446656052,
        "sell_net": 60314.61,
        "cost_pct": 0.12483854942871336
      }
    ],
    "alerts": [
      "\ud83d\udcb0 HK.09618: \u76c8\u522920.0%"
    ]
  },
  "whatsapp_sent": true,
  "message_preview": "\ud83d\udcca \u4ea4\u6613\u76e3\u63a7 (09:00)\n\u2550\u2550\u2550\u2550\u2550\u2550\u2550\u2550\u2550\u2550\u2550\u2550\u2550\u2550\u2550\u2550\u2550\u2550\u2550\u2550\u2550\u2550\u2550\u2550\u2550\u2550\u2550\u2550\u2550\u2550\n\ud83d\udce6 \u6301\u5009: 3\u500b\n\ud83d\udcb0 \u7e3d\u5e02\u503c: HKD 403,250\n\ud83d\udcc8 \u7e3d\u76c8\u8667: HKD +10,385 (+2.6%)..."
}