{
  "timestamp": "2026-02-26T10:30:06.568577",
  "summary": {
    "timestamp": "10:30",
    "total_positions": 4,
    "total_value": 282960.0,
    "total_pnl": -1880.0,
    "total_pnl_pct": -0.6600196601600898,
    "holdings": [
      {
        "code": "HK.09618",
        "qty": 500.0,
        "current_price": 106.2,
        "market_val": 53100.0,
        "pnl": -400.0,
        "pnl_pct": -0.7476635514018692,
        "sell_net": 53031.9,
        "cost_pct": 0.12824858757062146
      },
      {
        "code": "HK.01211",
        "qty": 600.0,
        "current_price": 97.45,
        "market_val": 58470.0,
        "pnl": -249.99999999999272,
        "pnl_pct": -0.4257493188010776,
        "sell_net": 58396.53,
        "cost_pct": 0.12565418163160597
      },
      {
        "code": "HK.07500",
        "qty": 30000.0,
        "current_price": 1.654,
        "market_val": 49620.0,
        "pnl": 660.0,
        "pnl_pct": 1.3480392156862746,
        "sell_net": 49555.38,
        "cost_pct": 0.13022974607013302
      },
      {
        "code": "HK.02800",
        "qty": 4500.0,
        "current_price": 27.06,
        "market_val": 121770.0,
        "pnl": -1890.0,
        "pnl_pct": -1.5283842794759825,
        "sell_net": 121633.23,
        "cost_pct": 0.11231830500123181
      }
    ],
    "alerts": []
  },
  "whatsapp_sent": true,
  "message_preview": "\ud83d\udcca \u4ea4\u6613\u76e3\u63a7 (10:30)\n\u2550\u2550\u2550\u2550\u2550\u2550\u2550\u2550\u2550\u2550\u2550\u2550\u2550\u2550\u2550\u2550\u2550\u2550\u2550\u2550\u2550\u2550\u2550\u2550\u2550\u2550\u2550\u2550\u2550\u2550\n\ud83d\udce6 \u6301\u5009: 4\u500b\n\ud83d\udcb0 \u7e3d\u5e02\u503c: HKD 282,960\n\ud83d\udcc8 \u7e3d\u76c8\u8667: HKD -1,880 (-0.7%)\n..."
}