{
  "timestamp": "2026-02-25T12:30:06.692881",
  "summary": {
    "timestamp": "12:30",
    "total_positions": 4,
    "total_value": 284470.0,
    "total_pnl": -370.0,
    "total_pnl_pct": -0.1298974863081028,
    "holdings": [
      {
        "code": "HK.09618",
        "qty": 500.0,
        "current_price": 107.6,
        "market_val": 53800.0,
        "pnl": 300.0,
        "pnl_pct": 0.5607476635514018,
        "sell_net": 53731.2,
        "cost_pct": 0.12788104089219332
      },
      {
        "code": "HK.01211",
        "qty": 600.0,
        "current_price": 98.95,
        "market_val": 59370.0,
        "pnl": 650.0000000000073,
        "pnl_pct": 1.1069482288828463,
        "sell_net": 59295.63,
        "cost_pct": 0.12526528549772611
      },
      {
        "code": "HK.07500",
        "qty": 30000.0,
        "current_price": 1.654,
        "market_val": 49620.0,
        "pnl": 660.0,
        "pnl_pct": 1.3480392156862746,
        "sell_net": 49555.38,
        "cost_pct": 0.13022974607013302
      },
      {
        "code": "HK.02800",
        "qty": 4500.0,
        "current_price": 27.04,
        "market_val": 121680.0,
        "pnl": -1980.0,
        "pnl_pct": -1.6011644832605532,
        "sell_net": 121543.32,
        "cost_pct": 0.11232741617357002
      }
    ],
    "alerts": []
  },
  "whatsapp_sent": true,
  "message_preview": "\ud83d\udcca \u4ea4\u6613\u76e3\u63a7 (12:30)\n\u2550\u2550\u2550\u2550\u2550\u2550\u2550\u2550\u2550\u2550\u2550\u2550\u2550\u2550\u2550\u2550\u2550\u2550\u2550\u2550\u2550\u2550\u2550\u2550\u2550\u2550\u2550\u2550\u2550\u2550\n\ud83d\udce6 \u6301\u5009: 4\u500b\n\ud83d\udcb0 \u7e3d\u5e02\u503c: HKD 284,470\n\ud83d\udcc8 \u7e3d\u76c8\u8667: HKD -370 (-0.1%)\n\u2500\u2500..."
}