{
  "timestamp": "2026-02-27T16:00:08.615315",
  "summary": {
    "timestamp": "16:00",
    "total_positions": 4,
    "total_value": 280460.0,
    "total_pnl": -4380.0,
    "total_pnl_pct": -1.5377053784580816,
    "holdings": [
      {
        "code": "HK.09618",
        "qty": 500.0,
        "current_price": 104.5,
        "market_val": 52250.0,
        "pnl": -1250.0,
        "pnl_pct": -2.336448598130841,
        "sell_net": 52182.75,
        "cost_pct": 0.12870813397129185
      },
      {
        "code": "HK.01211",
        "qty": 600.0,
        "current_price": 94.95,
        "market_val": 56970.0,
        "pnl": -1749.9999999999927,
        "pnl_pct": -2.9802452316076176,
        "sell_net": 56898.03,
        "cost_pct": 0.12632964718272774
      },
      {
        "code": "HK.07500",
        "qty": 30000.0,
        "current_price": 1.676,
        "market_val": 50280.0,
        "pnl": 1320.0,
        "pnl_pct": 2.696078431372549,
        "sell_net": 50214.72,
        "cost_pct": 0.12983293556085918
      },
      {
        "code": "HK.02800",
        "qty": 4500.0,
        "current_price": 26.88,
        "market_val": 120960.0,
        "pnl": -2700.0,
        "pnl_pct": -2.1834061135371177,
        "sell_net": 120824.04,
        "cost_pct": 0.11240079365079365
      }
    ],
    "alerts": []
  },
  "whatsapp_sent": true,
  "message_preview": "\ud83d\udcca \u4ea4\u6613\u76e3\u63a7 (16:00)\n\u2550\u2550\u2550\u2550\u2550\u2550\u2550\u2550\u2550\u2550\u2550\u2550\u2550\u2550\u2550\u2550\u2550\u2550\u2550\u2550\u2550\u2550\u2550\u2550\u2550\u2550\u2550\u2550\u2550\u2550\n\ud83d\udce6 \u6301\u5009: 4\u500b\n\ud83d\udcb0 \u7e3d\u5e02\u503c: HKD 280,460\n\ud83d\udcc8 \u7e3d\u76c8\u8667: HKD -4,380 (-1.5%)\n..."
}