{
  "timestamp": "2026-02-16T13:30:14.900441",
  "summary": {
    "timestamp": "13:30",
    "total_positions": 4,
    "total_value": 496285.0,
    "total_pnl": 14429.613000000012,
    "total_pnl_pct": 2.9945941021512357,
    "holdings": [
      {
        "code": "HK.00700",
        "qty": 200.0,
        "current_price": 533.0,
        "market_val": 106600.0,
        "pnl": -100.0,
        "pnl_pct": -0.09372071227741331,
        "sell_net": 106478.4,
        "cost_pct": 0.11407129455909945
      },
      {
        "code": "HK.00992",
        "qty": 26000.0,
        "current_price": 9.3,
        "market_val": 241800.00000000003,
        "pnl": 8060.000000000029,
        "pnl_pct": 3.4482758620689777,
        "sell_net": 241543.20000000004,
        "cost_pct": 0.10620347394540944
      },
      {
        "code": "HK.09618",
        "qty": 250.0,
        "current_price": 105.9,
        "market_val": 26475.0,
        "pnl": 8719.612999999998,
        "pnl_pct": 49.10967584091519,
        "sell_net": 26433.525,
        "cost_pct": 0.156657223796034
      },
      {
        "code": "HK.02800",
        "qty": 4500.0,
        "current_price": 26.98,
        "market_val": 121410.0,
        "pnl": -2250.0,
        "pnl_pct": -1.8195050946142648,
        "sell_net": 121273.59,
        "cost_pct": 0.11235483073881887
      }
    ],
    "alerts": [
      "\ud83d\udcb0 HK.09618: \u76c8\u522949.1%"
    ]
  },
  "whatsapp_sent": true,
  "message_preview": "\ud83d\udcca \u4ea4\u6613\u76e3\u63a7 (13:30)\n\u2550\u2550\u2550\u2550\u2550\u2550\u2550\u2550\u2550\u2550\u2550\u2550\u2550\u2550\u2550\u2550\u2550\u2550\u2550\u2550\u2550\u2550\u2550\u2550\u2550\u2550\u2550\u2550\u2550\u2550\n\ud83d\udce6 \u6301\u5009: 4\u500b\n\ud83d\udcb0 \u7e3d\u5e02\u503c: HKD 496,285\n\ud83d\udcc8 \u7e3d\u76c8\u8667: HKD +14,430 (+3.0%)..."
}